name,realname
06033,GLASTONBURY
06896,REDDING
ABINGTON,POMFRET
AMSTON,HEBRON
ANDOVER,ANDOVER
ANSOINA,ANSONIA
ANSONIA,ANSONIA
ANONIA,ANSONIA
ASHFORD,ASHFORD
AVON,AVON
B RIDGEPORT,BRIDGEPORT
BALLIOUVILLE,KILLINGLY
BALLOUVILLE,KILLINGLY
BALOUVILLE,KILLINGLY
BALTIC,SPRAGUE
BALTIC SPRAGUE,SPRAGUE
BANFORD,BRANFORD
BANKSVILLE,GREENWICH
BANTAM,LITCHFIELD
BARKHAMSTEAD,BARKHAMSTED
BARKHAMSTED,BARKHAMSTED
BARKHAMPSTED,BARKHAMSTED
BBERLIN,BERLIN
BEACON FALLS,BEACON FALLS
BELLE HAVEN,GREENWICH
BERLIN,BERLIN
BETANY,BETHANY
BETEL,BETHEL
BETHANY,BETHANY
BETHEL,BETHEL
BETHELHEM,BETHLEHEM
BETHLEHAM,BETHLEHEM
BETHLEHEM,BETHLEHEM
BRIDGPEPORT,BRIDGEPORT
BGRIDGEPORT,BRIDGEPORT
BLACK HALL,OLD LYME
BLACK POINT,NORFOLK
BLACK ROCK,BRIDGEPORT
BLATIC,SPRAGUE
BLOMFIELD,BLOOMFIELD
BLOOMFIED,BLOOMFIELD
BLOOMFIELD,BLOOMFIELD
BLOOMFIELDCT,BLOOMFIELD
BLOOMFILED,BLOOMFIELD
BLOOMFIRLD,BLOOMFIELD
BLOOMSFIELD,BLOOMFIELD
BOLTON,BOLTON
BOTSFORD,NEWTOWN
BOZRAH,BOZRAH
BPT,BRIDGEPORT
BPT.,BRIDGEPORT
BRANCHVILLE,RIDGEFIELD
BRANDFORD,BRANFORD
BRANFORD,BRANFORD
BRDGEPORT,BRIDGEPORT
BRDIEGPORT,BRIDGEPORT
BRIDEGEPORT,BRIDGEPORT
BRIDEGPORT,BRIDGEPORT
BRIDEPORT,BRIDGEPORT
BRIDGE PORT,BRIDGEPORT
BRIDGEORT,BRIDGEPORT
BRIDGEPOR,BRIDGEPORT
BRIDGEPORGT,BRIDGEPORT
BRIDGEPORPT,BRIDGEPORT
BRIDGEPORT,BRIDGEPORT
BRIDGERPORT,BRIDGEPORT
BEIDGEPORT,BRIDGEPORT
BRIDGEPORTR,BRIDGEPORT
BRIDGEPPORT,BRIDGEPORT
BRIDGEPROT,BRIDGEPORT
BRIDGESPORT,BRIDGEPORT
BRIDGEWATER,BRIDGEWATER
BRIDGGEPORT,BRIDGEPORT
BRIDGPEORT,BRIDGEPORT
BRIDGPORT,BRIDGEPORT
BRIFGEPORT,BRIDGEPORT
BRIGEPORT,BRIDGEPORT
BRDIGEPORT,BRIDGEPORT
BRIGDEPORT,BRIDGEPORT
BRISTIOL,BRISTOL
BRISTL,BRISTOL
BRISTO,BRISTOL
BRISTOL,BRISTOL
BRISTOLC,BRISTOL
BRISTROL,BRISTOL
BRITAIN,NEW BRITAIN
BROAD BROOK,EAST WINDSOR
BROAD BROOK EAST WINDSOR,EAST WINDSOR
BROAD BRROK,EAST WINDSOR
BROADBROOK,EAST WINDSOR
BROOKFIELD,BROOKFIELD
BROOKFIELD JCT,BROOKFIELD
BROOKFIELDCT,BROOKFIELD
BROOKLUN,BROOKLYN
BROOKLYN,BROOKLYN
BROOKLN,BROOKLYN
BROOKLYN RD,BROOKLYN
BROOKYLN,BROOKLYN
BROOKYLYN,BROOKLYN
BURLINGTON,BURLINGTON
BYRAM,GREENWICH
CANAAN,CANAAN
CANNONDALE,WILTON
CANTEBURY,CANTERBURY
CANTERBURY,CANTERBURY
CANTERBUTY,CANTERBURY
CANTON,CANTON
CANTON CENTER,CANTON
CAUTERBURY,CANTERBURY
CENTERBROOK,ESSEX
CENTERVILLE,HAMDEN
CENTRAL VILLAGE,PLAINFIELD
CHAPLAIN,CHAPLIN
CHAPLIN,CHAPLIN
CHEATER,CHESTER
CHEHSIRE,CHESHIRE
CHERSIRE,CHESHIRE
CHESCHIRE,CHESHIRE
CHESHIE,CHESHIRE
CHESHIRE,CHESHIRE
CHESHIRE HEIGHTS,CHESHIRE
CHESHIREDALY,CHESHIRE
CHESIRE,CHESHIRE
CHESTER,CHESTER
CHESTERFIELD,MONTVILLE
CITY OF GROTON,GROTON
CLINTON,CLINTON
COB COS,GREENWICH
COBALT,EAST HAMPTON
COLCHESTER,COLCHESTER
COLCHESTER COMMONS,COLCHESTER
COLEBROOK,COLEBROOK
COLECHESTER,COLCHESTER
COLLINSVILLE,CANTON
COLLINSVILLE CANTON,CANTON
COLUMBIA,COLUMBIA
CONVENTRY,COVENTRY
CORNWALL,CORNWALL
CORNWALL BRG,CORNWALL
CORNWALL BRIDGE,CORNWALL
COS COB,GREENWICH
COS COB GREENWICH,GREENWICH
COSCOB,GREENWICH
COVENTRY,COVENTRY
COVENTTRY,COVENTRY
CROMEWLL,CROMWELL
CROMWELL,CROMWELL
DAINELSON,KILLINGLY
DANBRY,DANBURY
DANBURY,DANBURY
DANBUTY,DANBURY
DANBURYC,DANBURY
DANBUY,DANBURY
DANDURY,DANBURY
DANNBURY,DANBURY
DANELSON,KILLINGLY
DANIELSON,KILLINGLY
DANIESLON,KILLINGLY
DANIESON KILLINGLY,KILLINGLY
DANIELSON KILLINGLY,KILLINGLY
DANILESON KILLINGLY,KILLINGLY
DANILESON,KILLINGLY
DAREIN,DARIEN
DARIAN,DARIEN
DARIEN,DARIEN
DARLIN,DARIEN
DAYVILLE,KILLINGLY
DAYVILLE KILLINGLY,KILLINGLY
DAYVILLEKILLINGLY,KILLINGLY
DEEP RIVER,DEEP RIVER
DERBY,DERBY
DEVON,MILFORD
DIRBY,DERBY
DOBSONVILLE,VERNON
DUDLEYTOWN,CORNWALL
DUNBURY,DANBURY
DURHAM,DURHAM
DURHAM CENTER,DURHAM
E GLASTONBURY,GLASTONBURY
E GRANBY,EAST GRANBY
E HADDAM,EAST HADDAM
E HAMPTON,EAST HAMPTON
E HARTFORD,EAST HARTFORD
E HAVEN,EAST HAVEN
E KILLINGLY,KILLINGLY
E WINDSOR HL,EAST WINDSOR
E. HARTFORD,EAST HARTFORD
E. HTFD,EAST HARTFORD
EAST BERLIN,BERLIN
E CANAAN,NORTH CANAAN
EAST CANAAN,NORTH CANAAN
EAST CANAN,NORTH CANAAN
EAST COVENTRY,COVENTRY
EAST FAIRFIELD,FAIRFIELD
EAST GLASTONBURY,GLASTONBURY
EAST GRANBY,EAST GRANBY
EAST GRANDY,EAST GRANBY
EAST GARNBY,EAST GRANBY
EAST HADDAM,EAST HADDAM
EAST HADDAM MOODUS,EAST HADDAM
MOODUS EAST HADDAM,EAST HADDAM
EAST HAMPTON,EAST HAMPTON
EAST HAMTPON,EAST HAMPTON
EAST HARFORD,EAST HARTFORD
EAST HARTFORD,EAST HARTFORD
EAST HRTFORD,EAST HARTFORD
EAST HARTLAND,HARTLAND
EAST HARTORD,EAST HARTFORD
EAST HAVEN,EAST HAVEN
EAST HTFD,EAST HARTFORD
EAST KILLINGLY,KILLINGLY
EAST LITCHFIELD,LITCHFIELD
EAST LYME,EAST LYME
EAST NORWALK,NORWALK
EAST NORWLAK,NORWALK
EAST PUTNAM,PUTNAM
EAST RIVER,GUILFORD
EAST SUFFIELD,SUFFIELD
EAST WINDSOR,EAST WINDSOR
EAS WINDSOR,EAST WINDSOR
EAST WOODSTOCK,WOODSTOCK
EASTFORD,EASTFORD
EASTHAMPTON,EAST HAMPTON
EASTHARTFORD,EAST HARTFORD
EASTON,EASTON
EASY LYME,EAST LYME
EBFIELD,ENFIELD
EETHEL,BETHEL
ELLINGTON,ELLINGTON
ELLIOTTS,POMFRET
ENDIELD,ENFIELD
ENFIELD,ENFIELD
ENDFIELD,ENFIELD
ENFILED,ENFIELD
ESSEX,ESSEX
EST HARTFORD,EAST HARTFORD
ESTON,EASTON
EW BRITAIN,NEW BRITAIN
FAIFIELD,FAIRFIELD
FAIR HAVEN,NEW HAVEN
FAIRFEILD,FAIRFIELD
FAIRFELD,FAIRFIELD
FAIRFIEDL,FAIRFIELD
FAIRFIELD,FAIRFIELD
FAIRFILED,FAIRFIELD
FAIRFIRLED,FAIRFIELD
FAIRHAVEN,NEW HAVEN
FAIRIFELD,FAIRFIELD
FAIRIFIELD,FAIRFIELD
FALLS VILLAGE,CANAAN
FARFIELD,FAIRFIELD
FARIFIELD,FAIRFIELD
FARMINGTON,FARMINGTON
FARMINGON,FARMINGTON
FFLD,FAIRFIELD
FITCHVILLE,BOZRAH
FORESTVILLE,BRISTOL
FORESTVILLEBRISTOL,BRISTOL
FORRESTVILLE,BRISTOL
FRANKLIN,FRANKLIN
GALES FERRY,LEDYARD
GALES FERRY LEDYARD,LEDYARD
GALESFERRY,LEDYARD
GALSTONBURY,GLASTONBURY
GAYLORDSVILLE,NEW MILFORD
GAYLORDSVILLENEW MILFORD,MILFORD
GEORGETOWN,WILTON
GILMAN,BOZRAH
GLASTONBURUY,GLASTONBURY
GLASTONBURY,GLASTONBURY
GLASATONBURY,GLASTONBURY
GLATSONBURY,GLASTONBURY
GLSTONBURY,GLASTONBURY
GOSHEN,GOSHEN
GOSHEN CENTER,GOSHEN
GRANBY,GRANBY
GREEN FARMS,WESTPORT
GREENWCIH,GREENWICH
GREENWHICH,GREENWICH
GREENWICH,GREENWICH
GREENWICH (COS COB),GREENWICH
GREENWICHCT,GREENWICH
GREENWICK,GREENWICH
GREEWICH,GREENWICH
GRENWICH,GREENWICH
GRISWIKD,GRISWOLD
GRISWOLD,GRISWOLD
GRIWSOLD,GRISWOLD
GROSVENDORALE,THOMPSON
GROSVENORDALE,THOMPSON
GROTON,GROTON
GROTON CITY OF,GROTON
GROTON LONG POINT,GROTON
GROTON LONG PT,GROTON
GROTON MYSTIC,GROTON
GROTONMYSTIC,GROTON
GUIFORD,GUILFORD
GUILFORD,GUILFORD
HADDAM,HADDAM
HADDAM NECK,HADDAM
HADDAN,HADDAM
HADLYME,EAST LYME
HAMDAM,HAMDEN
HAMDEM,HAMDEN
HAMDEN,HAMDEN
HAMPTON,HAMPTON
HANOVER,SPRAGUE
HARYTFORD,HARTFORD
HARFFORD,HARTFORD
HARFORD,HARTFORD
HARTAFORD,HARTFORD
HARTFOD,HARTFORD
HARTFOORD,HARTFORD
HARTFOR,HARTFORD
HARTFORD,HARTFORD
HARTFORDCT,HARTFORD
HARTFORRD,HARTFORD
HARTFORT,HARTFORD
HARTFPRD,HARTFORD
HARTFROD,HARTFORD
HARTORD,HARTFORD
HARTFRORD,HARTFORD
HARTLAND,HARTLAND
HARTOFRD,HARTFORD
HARFORD,HARTFORD
HARTSFORD,HARTFORD
HARWIINTON,HARWINTON
HARWINGTON,HARWINTON
HARWINTON,HARWINTON
HAWLEYVILLE,NEWTOWN
HEBRON,HEBRON
HIGGANUM,HADDAM
HIGGANUM HADDAM,HADDAM
HIGGUNAM,HADDAM
HIGHWOOD,HAMDEN
HOTCHKISS GROVE,BRANFORD
HTFD,HARTFORD
HTFD.,HARTFORD
HTFORD,HARTFORD
HUNTINGTON,SHELTON
IVORYTON,ESSEX
JEWETT CITY,GRISWOLD
JEWETT CITY GRISWOLD,GRISWOLD
JEWETTY CITY,GRISWOLD
JEWITT CITY,GRISWOLD
KENSINGTON,BERLIN
KENT,KENT
ATTAWAUGN KILLINGLY,KILLINGLY
KILLINGLY,KILLINGLY
KILLINGLY DAYVILLE,KILLINGLY
KILLINGWORTH,KILLINGWORTH
LAKESIDE,MORRIS
LAKEVIEW,SALISBURY
LAKEVILLE,SALISBURY
LEBANNON,LEBANON
LEBANON,LEBANON
LEDYARD,LEDYARD
LICHFIELD,LITCHFIELD
LISBON,LISBON
LITCHFIELD,LITCHFIELD
LYME,LYME
MADISION,MADISON
MADISON,MADISON
MAINSFIELD,MANSFIELD
MANCESTER,MANCHESTER
MANCHETER,MANCHESTER
MANCHERSTER,MANCHESTER
MANCHESSTER,MANCHESTER
MANACHESTER,MANCHESTER
MANCHESTER,MANCHESTER
MACHESTER,MANCHESTER
MANCHSTER,MANCHESTER
MANCHETSER,MANCHESTER
MANSFIELD,MANSFIELD
MANSFIELD CENTER,MANSFIELD
MANSFIELD CITY,MANSFIELD
MANSFIELD CTR,MANSFIELD
MANSFIELD DEPOT,MANSFIELD
MANSFIELD STORRS,MANSFIELD
MANSFIELDR,MANSFIELD
MANSFIELDR.,MANSFIELD
MANSFILED DEPOT,MANSFIELD
MARBLEDALE,WASHINGTON
MARION,SOUTHINGTON
MARLBOROUGH,MARLBOROUGH
MARLBOUGH,MARLBOROUGH
MARNE AVENUE,FAIRFIELD
MASHANRUCKET,LEDYARD
MASHANTUCKET,LEDYARD
MDBY,MIDDLEBURY
MEIRDEN,MERIDEN
MERDIDEN,MERIDEN
MERIDAN,MERIDEN
MERIDEN,MERIDEN
MERIDDEN,MERIDEN
MEW BRITAIN,NEW BRITAIN
MIDDLE HADDAM,HADDAM
MIDDLEBURY,MIDDLEBURY
MIDDLEFIELD,MIDDLEFIELD
MIDDLEOTWN,MIDDLETOWN
MIDDLETOW,MIDDLETOWN
MIDDLETOWN,MIDDLETOWN
MIDDLWTOWN,MIDDLETOWN
MIDLETOWN,MIDDLETOWN
MIDDLETWON,MIDDLETOWN
MIFORD,MILFORD
MIILFORD,MILFORD
MILFORD,MILFORD
MILLDALE,SOUTHINGTON
MILLFORD,MILFORD
MISTIC,NEW LONDON
MNROE,MONROE
MONORE,MONROE
MONREO,MONROE
MONROE,MONROE
MONTIVLLE,MONTVILLE
MONTVILLE,MONTVILLE
MOODUS,EAST HADDAM
MOOSUP PLAINFIELD,PLAINFIELD
MOOSUP,PLAINFIELD
MOOSUPPLAINFIELD,PLAINFIELD
MORRIS,MORRIS
MYSTIC,NEW LONDON
MYSTIC GROTON,GROTON
N FRANKLIN,FRANKLIN
N GROSVENORDALE,THOMPSON
N GROSVENORNDALE,THOMPSON
N GROSVERNORDALE,THOMPSON
N HAVEN,NEW HAVEN
N WINDHAM,WINDHAM
N. FRANKLIN,FRANKLIN
N. WINDHAM,WINDHAM
N.FRANKLIN,FRANKLIN
NAUAGTUCK,NAUGATUCK
NAUGATCK,NAUGATUCK
NAUGATUC,NAUGATUCK
NAUGATUCK,NAUGATUCK
NAUGATUCK AVE,NAUGATUCK
NAUGATUCT,NAUGATUCK
NAUGAUTCK,NAUGATUCK
NAUGAUTUCK,NAUGATUCK
NAUGHTUCK,NAUGATUCK
NAUGTAUCK,NAUGATUCK
NAUGTUCK,NAUGATUCK
NAUGUTACK,NAUGATUCK
NDEWINGTON,NEWINGTON
NEWB RITAIN,NEW BRITAIN
NE BRITAIN,NEW BRITAIN
NE HAVEN,NEW HAVEN
NE WLONDON,NEW LONDON
NEEW BRITAIN,NEW BRITAIN
NEW  HAVEN,NEW HAVEN
NEW BITAIN,NEW BRITAIN
NEW BRIAIN,NEW BRITAIN
NEW BRIATIN,NEW BRITAIN
NEW BRITAIN,NEW BRITAIN
NEW BROTAIN,NEW BRITAIN
NEW BRIATAIN,NEW BRITAIN
NEW BRITAIN Q,NEW BRITAIN
NEW BRITAINQ,NEW BRITAIN
NEW BRITAN,NEW BRITAIN
NEW BRITIAN,NEW BRITAIN
NEW BRITTAN,NEW BRITAIN
NEW BRTAIN,NEW BRITAIN
NEW BRTIAN,NEW BRITAIN
NEW CAANAN,NEW CANAAN
NEW CANAAN,NEW CANAAN
NEW CANAN,NEW CANAAN
NEW CANNAN,NEW CANAAN
NEW FAIRFIELD,NEW FAIRFIELD
NEW FAIRLFIELD,NEW FAIRFIELD
NEW HARTFORD,NEW HARTFORD
NEW HAVEN,NEW HAVEN
NEW HAVENQ,NEW HAVEN
NEW HAVEN  SUITE 698,NEW HAVEN
NEW HAVEN CONNECTICUT,NEW HAVEN
NEW HAVEN HAMDEN,HAMDEN
NEW HAVEN`,NEW HAVEN
NEW HAVN,NEW HAVEN
NEW HEAVEN,NEW HAVEN
NEW LONDON,NEW LONDON
NEW MILFORD,NEW MILFORD
NEW MERIDEN,MERIDEN
NEW PRESTON,WASHINGTON
NEW PRESTON MARBLE DALE,WASHINGTON
NEWBRITAIN,NEW BRITAIN
NEWCANAAN,NEW CANAAN
NEWHAVEN,NEW HAVEN
NEWINGTON,NEWINGTON
NEWINGTOWN,NEWINGTON
NEWLONDON,NEW LONDON
NEWNINGTON,NEWINGTON
NEWOTWN,NEWTOWN
NEWTON,NEWTOWN
NEWTOWN,NEWTOWN
NEWTOWON,NEWTOWN
NIANIC,EAST LYME
NIANTIC,EAST LYME
NIANTIC EAST LYME,EAST LYME
NO HAVEN,NORTH HAVEN
NOTH HAVEN,NORTH HAVEN
NO. BRANFORD,NORTH BRANFORD
NO. GROSVENORDALE,THOMPSON
NO. HAVEN,NORTH HAVEN
NOANK,GROTON
NORALK,NORWALK
NORFOLK,NORFOLK
NORIWCH,NORWICH
NOROTON,DARIEN
NORTH BRANFORD,NORTH BRANFORD
NORTH BRANFORD (NORTHFORD SECT,NORTH BRANFORD
NORTH CANAAN,NORTH CANAAN
NORTH CANTON,CANTON
NORTH COLEBROOK,COLEBROOK
NORTH FRANKLIN,NEW LONDON
NORTH GRANBY,GRANBY
NORTH GROSVENDORALE,THOMPSON
NORTH GROSVENORDALE,THOMPSON
NORTH GROVENORDALE,THOMPSON
NORTH GROVESNORDALE,THOMPSON
NORTH GUILFORD,GUILFORD
NORTH HARTFORD,HARTFORD
NORTH HAVEN,NORTH HAVEN
NORTHAVEN,NORTH HAVEN
NORTHHAVEN,NORTH HAVEN
NORTH SOMERS,SOMERS
NORTH STAMFORD,STAMFORD
NORTH STONINGTON,NORTH STONINGTON
NORTH STONNINGTON,NORTH STONINGTON
NO STONINGTON,NORTH STONINGTON
NORTH WATERBURY,WATERBURY
NORTH WINDAM,WINDHAM
NORTH WINDHAM,WINDHAM
NORTHFIELD,LITCHFIELD
NORTHFORD,NORTH HAVEN
NORWAK,NORWALK
NORWALK,NORWALK
NORWICH,NORWICH
NORWICH TAFTVILLE,NORWICH
NORWICHTOWN,NORWICH
NORWICN,NORWICH
NORWIH,NORWICH
NORWLAK,NORWALK
NORWWALK,NORWALK
NOWALK,NORWALK
NOWICH,NORWICH
NOWRICH,NORWICH
NREW BRITAIN,NEW BRITAIN
NUGATUCK,NAUGATUCK
NAUGATCUK,NAUGATUCK
NW BRITAIN,NEW BRITAIN
NWE BRITAIN,NEW BRITAIN
OADALE,MONTVILLE
OAKDALE,MONTVILLE
OAKDALE MONTVILLE,NORWICH
OAKDALE ROAD,MONTVILLE
OAKVILLE,WATERTOWN
OLD GREENWICH,GREENWICH
OLD LYME,OLD LYME
OLD MYSTIC,GROTON
OLD SAYBROOK,OLD SAYBROOK
OLY LYME,OLD LYME
ONECO,STERLING
ORANGE,ORANGE
OXFORD,OXFORD
PAHQUIOQUE AVENUE,DANBURY
PALINVILLE,PLAINVILLE
PAWCATUCK,STONINGTON
PAWCATUCK STONINGTON,STONINGTON
PAWTUCKET,STONINGTON
PEQUABUCK,PLYMOUTH
PINE MEADOW,NEW HARTFORD
PALINFIELD,PLAINFIELD
PLAINFIELD,PLAINFIELD
PLAINTFIELD,PLAINFIELD
PLAINFIELD MOOSUP,PLAINFIELD
WAUREGAN PLAINTFIELD,PLAINFIELD
PLAINTIVILLE,PLAINVILLE
PLAINVILE,PLAINVILLE
PLAINVILLE,PLAINVILLE
PLAINVILLLE,PLAINVILLE
PLANFIELD,PLAINFIELD
PLANTISVILLE,PLAINVILLE
PLANTSVILE AKA SOUTHINGTON,SOUTHINGTON
PLANTSVILLE,SOUTHINGTON
PLANTVILLE,PLAINVILLE
PLEASANT VALLEY,BARKHAMSTED
PLEASANT VLY,BARKHAMSTED
PLYMOUTH,PLYMOUTH
POMFRED CENTER,POMFRET
POMFRET,POMFRET
POMFRET CENTER,POMFRET
POMFRETR,POMFRET
POQUONOCK,WINDSOR
PORT CHESTER,CHESTER
PORTLAND,PORTLAND
PRESEON,PRESTON
PRESTON,PRESTON
PROPECT,PROSPECT
PROSPECT,PROSPECT
PUTNAM,PUTNAM
PUNTAM,PUTNAM
PUTNAM HEIGHTS,PUTNAM
PUTNUM,PUTNAM
QUACKER HILL,WATERFORD
QUAKER HILL,WATERFORD
QUAKER HILL WATERFORD,WATERFORD
QUAKER HILLS,WATERFORD
QUARKER HILL,WATERFORD
QUINEBAUG,THOMPSON
QUINEBAUGTHOMPSON,THOMPSON
RDGEFIELD,RIDGEFIELD
REDDING,REDDING
REDDING RIDGE,REDDING
RIDGEFIELD,RIDGEFIELD
RIDGEFILED,RIDGEFIELD
RIDGFIELD,RIDGEFIELD
RIEGEFIELD,RIDGEFIELD
RIVERSIDE,GREENWICH
RIVERTON,BARKHAMSTED
ROCK HILL,ROCKY HILL
ROCKFALL,MIDDLEFIELD
MIDDLEFIELD ROCKFALL,MIDDLEFIELD
ROCKVILE,VERNON
ROCKVILLE,VERNON
ROCKVILLEVERNON,VERNON
ROCKY HIL,ROCKY HILL
ROCKY HILL,ROCKY HILL
ROCKY HILL 06067,ROCKY HILL
ROCKY HILLE,ROCKY HILL
ROCKYHILL,ROCKY HILL
ROGERS,KILLINGLY
ROGERS KILLINGLY,KILLINGLY
ROWAYTON,NORWALK
ROXBURY,ROXBURY
S GLASTONBURY,GLASTONBURY
S KENT,KENT
S MERIDEN,MERIDEN
S NORWALK,NORWALK
S. NORWALK,NORWALK
S.GLASTONBURY,GLASTONBURY
SAILSBURY,SALISBURY
SALEM,SALEM
SALISBURY,SALISBURY
SAMFORD,STAMFORD
SANDY HOOK,NEWTOWN
SANDYHOOK,NEWTOWN
SATMFORD,STAMFORD
SCOTLAND,SCOTLAND
SCOTTLAND,SCOTLAND
SEYMORE,SEYMOUR
SEYMOUR,SEYMOUR
SHARON,SHARON
SHARON SPRINGS,SHARON
SHELDON,SHELTON
SHELTON,SHELTON
SHERMAN,SHERMAN
SIMBSBURY,SIMSBURY
SIMBSURY,SIMSBURY
SIMBURY,SIMSBURY
SIMSBURY,SIMSBURY
SO GLASTONBURY,GLASTONBURY
SO. WINDSOR,SOUTH WINDSOR
SOUTH SINDSOR,SOUTH WINDSOR
SOMERS,SOMERS
SOMERSVILLE,SOMERS
SOMERVILLE,SOMERS
SOUTH CANAAN,CANAAN
SOUTH GASTONBURY,GLASTONBURY
SOUTH GLASTONBURY,GLASTONBURY
SOUTH HARTFORD,HARTFORD
SOUTH KENT,KENT
SOUTH LYME,OLD LYME
SOUTH MERIDEN,MERIDEN
SOUTH NORWALK,NORWALK
SOUTH SALEM,SALEM
SOUTH WINDHAM,WINDHAM
SOUTH WINDSOR,SOUTH WINDSOR
WOUTH WINDSOR,SOUTH WINDSOR
SOUTH WOODBURY,WOODBURY
SOUTH WOODSTOCK,WOODSTOCK
SOUTHBERRY,SOUTHBURY
SOUTHBURY,SOUTHBURY
SOUTHIGNTON,SOUTHINGTON
SOUTHINGTN,SOUTHINGTON
SOUTHINGTON,SOUTHINGTON
SOUTHINGON,SOUTHINGTON
SOUTHINGTONB,SOUTHINGTON
SOUTHINT,SOUTHINGTON
SOUTHPORT,FAIRFIELD
SOUTINGTON,SOUTHINGTON
SPRAGUE,SPRAGUE
BALTIC HANOVER SPRAGUE,SPRAGUE
ST HARTFRD,HARTFORD
ST JAMES ROW,KILLINGLY
STAFFORD,STAFFORD
STAFFORD SPGS,STAFFORD
STAFFORD SPRING,STAFFORD
STAFFORD SPRINGS,STAFFORD
STAFFORDVILLE,STAFFORD
STAFMORD,STAMFORD
STAMCORD,STAMFORD
STAMDORD,STAMFORD
STAMFOD,STAMFORD
STAMFORD,STAMFORD
STAMFORDCT,STAMFORD
STAMFROD,STAMFORD
STANFORD,STAMFORD
STARTFORD,STRATFORD
STATFORD,STRATFORD
STERLING,STERLING
STEVENSON,MONROE
STMFORD,STAMFORD
STONGINGTON,STONINGTON
STONINGTON,STONINGTON
STONGINTON,STONINGTON
STONY CREEK,BRANFORD
STORRIS,MANSFIELD
STORRS,MANSFIELD
STORRS MANFLD,MANSFIELD
STORRS MANSFIELD,MANSFIELD
STORRS-MANSFIELD,MANSFIELD
STORRS/MANSFIELD,MANSFIELD
STORRSMANSFIELD,MANSFIELD
STRAFFORD,STRATFORD
STRAFORD,STRATFORD
STRARFORD,STRATFORD
STRATFORD,STRATFORD
STRATOFRD,STRATFORD
STTAFFORD SPRINGS,STAFFORD
SUFFIELD,SUFFIELD
SUFFILED,SUFFIELD
SUFIELD,SUFFIELD
TAFTVILLE,NORWICH
TAFTVILLE NORWICH,NORWICH
TAFTVILLENORWICH,NORWICH
TAFVILLE,NORWICH
TALCOTTVILLE,VERNON
TARIFFVILLE,SIMSBURY
TARIFFVILLE SIMSBURY,SIMSBURY
TARIFVILLE,SIMSBURY
TARRIFFVILLE,SIMSBURY
TARRIFVILLE,SIMSBURY
TATVILLE,NORWICH
TERRYVILE,PLYMOUTH
TERRYVILLE,LITCHFIELD
TERRYVILLE PLYMOUTH,PLYMOUTH
TERYVILLE,LITCHFIELD
THOMASTOM,THOMASTON
THOMASTON,THOMASTON
THOMPSON,THOMPSON
THOMSTON,THOMPSON
TOLLAND,TOLLAND
TORINGTON,TORRINGTON
TORRIGTON,TORRINGTON
TORRINGOTN,TORRINGTON
TORRINGTON,TORRINGTON
TORRINTON,TORRINGTON
TORRRINGTON,TORRINGTON
TRUMBALL,TRUMBULL
TRUMBUL,TRUMBULL
TRUMBUL1,TRUMBULL
TRUMBULL,TRUMBULL
TRUMUBLL,TRUMBULL
TRUMUBULL,TRUMBULL
TRUUMBULL,TRUMBULL
TRRUMBULL,TRUMBULL
UIONVILLE,FARMINGTON
UNCASEVILLE,MONTVILLE
UNCASVILLE,MONTVILLE
UNCASVILLE MONTVILLE,MONTVILLE
UNCAVILLE,MONTVILLE
UNION,UNION
UNION CITY,NAUGATUCK
UNIONVILLE,FARMINGTON
UNIOVILLE,FARMINGTON
VENRON,VERNON
VERMON,VERNON
VERNON,VERNON
VERNON ROCKVILLE,VERNON
VERNON ROCKVL,VERNON
VERNON ROCVKILLE,VERNON
VERNON-ROCKVILLE,VERNON
VERNON/ROCKVILLE,VERNON
VERNONN,VERNON
VERSAILLES,LISBON
VOLUNTOWN,VOLUNTOWN
WEST HARTORD,WEST HARTFORD
W HARTFORD,WEST HARTFORD
W. HARTLAND,HARTLAND
W. HAVEN,WEST HAVEN
WAATERBURY,WATERBURY
WATERBRURY,WATERBURY
WATERNURY,WATERBURY
WAERBURY,WATERBURY
WATERBRUY,WATERBURY
WALINGFORD,WALLINGFORD
WALLIGFORD,WALLINGFORD
WALLINFORD,WALLINGFORD
WALLINGFORD,WALLINGFORD
WALLLINGFORD,WALLINGFORD
WALLINGFROD,WALLINGFORD
WALLINGOFRD,WALLINGFORD
WALLINGTON,WALLINGFORD
WAREHOUSE POINT,EAST WINDSOR
WAREHOUSE POINT E WINDSOR,EAST WINDSOR
WARERTOWN,WATERTOWN
WARREN,WARREN
WASHINGTON,WASHINGTON
WASHINGTON DEPOT,WASHINGTON
WATBURY,WATERBURY
WATEBURY,WATERBURY
WATEFORD,WATERFORD
WATERBIURY,WATERBURY
WATERBJRY,WATERBURY
WATERBNURY,WATERBURY
WATERBUJRY,WATERBURY
WATERBUR,WATERBURY
WATERBURRY,WATERBURY
WATERBURTY,WATERBURY
WATERBURY,WATERBURY
WATERBRY,WATERBURY
WATEBRURY,WATERBURY
WATRBURY,WATERBURY
WATERBJURY,WATERBURY
WATERBURY.,WATERBURY
WATERBURYCT,WATERBURY
WATERBURYY,WATERBURY
WATERBUTY,WATERBURY
WATERBUY,WATERBURY
WATERBUYR,WATERBURY
WATEREBURY,WATERBURY
WATERFORD,WATERFORD
WATERTOWN,WATERTOWN
WATERTWON,WATERTOWN
WATERURY,WATERBURY
WATREBURY,WATERBURY
WAUREAGAN,PLAINFIELD
WAUREGAN,PLAINFIELD
WAUREGAN PLAINFIELD,PLAINFIELD
WAUREGANPLAINFIELD,PLAINFIELD
WEATHERSFIELD,WETHERSFIELD
WEATOGUE,SIMSBURY
WEATOUGE,SIMSBURY
WESDT HAVEN,WEST HAVEN
WESPORT,WESTPORT
WEST  HAVEN,WEST HAVEN
WEST CORNWALL,CORNWALL
WEST GRANBY,GRANBY
WEST GRANBY.,GRANBY
WEST GRANY,GRANBY
WEST HARDFORD,WEST HARTFORD
WEST HARFORD,WEST HARTFORD
WEST HARFROD,WEST HARTFORD
WEST HARTFDORD,WEST HARTFORD
WEST HARTFOR,HARTFORD
WEST HARTFORD,WEST HARTFORD
WETS HARTFORD,WEST HARTFORD
WEST HARTFRORD,WEST HARTFORD
WEST HARTLAND,HARTLAND
WEST HAVEN,WEST HAVEN
WEST HTFD,WEST HARTFORD
WEST MORRIS,LITCHFIELD
WEST NORWALK,NORWALK
WEST PORT,WESTPORT
WEST REDDING,REDDING
WEST SIMSBURY,SIMSBURY
WEST SUFFIELD,SUFFIELD
WEST WILLINGTON,WILLINGTON
WESTBROOK,WESTBROOK
WESTHARTFORD,WEST HARTFORD
WESTHAVEN,WEST HAVEN
WESTON,WESTON
WESTORT,WESTPORT
WESTPORT,WESTPORT
WESTPORTC,WESTPORT
WETHERFIELD,WETHERSFIELD
WETHERSFEILD,WETHERSFIELD
WETHERSFIELD,WETHERSFIELD
WETHERSFILED,WETHERSFIELD
WEWSTPORT,WESTPORT
WILLIAMANTIC,WINDHAM
WILIMANTIC,WINDHAM
WILLIMANTIC,WINDHAM
WILLIMATIC,WINDHAM
WILLIMANTIC WINDHAM,WINDHAM
WILLIMNATIC,WINDHAM
WILLINGFORD,WALLINGFORD
WILLINGTON,WILLINGTON
WILLNGTON,WILLINGTON
WILLMANTIC,WINDHAM
WILTON,WILTON
WINCHESTER,WINCHESTER
WINCHESTER CENTER,WINCHESTER
WINDAHM,WINDHAM
WINDHAM,WINDHAM
WINDHAM CENTER,WINDHAM
WINDOSR,WINDSOR
WINDS,WINDSOR
WINDSOR,WINDSOR
WINDSOR LOCKS,WINDSOR LOCKS
WINDSOR LOKS,WINDSOR LOCKS
WINDSORVILLE,EAST WINDSOR
WINSOR LOCKS,WINDSOR LOCKS
WINSTED,WINCHESTER
WODBURY,WOODBURY
WOLCOTT,WOLCOTT
WOOBURY,WOODBURY
WOODBRIDGE,WOODBRIDGE
WOODBURY,WOODBURY
WOODSTOCK,WOODSTOCK
WOODSTOCK VALLEY,WOODSTOCK
WOOSTOCK,WOODSTOCK
WOODSOTCK,WOODSTOCK
WTAERBURY,WATERBURY
WTBY,WATERBURY
WTERBURY,WATERBURY
YALESVILLE,WALLINGFORD
YANTIC,NORWICH
